A,B,C,D,_filename,_inserted_at
VsDFFAXBb0,GxXHdv1H6p,DzAaQVe270,KBwTjJ8GiD,file_1.csv,2024-08-25T21:56:31.0183816-03:00
reumwWSBAm,IEkjPAQTcA,d8fkhNb0vy,td1nKCaFFU,file_10.csv,2024-08-25T21:56:31.0435451-03:00
eJOT3dytpw,2cEB3e7Is7,xZlYH7GSuR,uaPCTQH4bz,file_11.csv,2024-08-25T21:56:31.0435451-03:00
qI2w0LPqBU,nCJ8JYznrs,GFeChosFzi,8YDMJ48a2X,file_12.csv,2024-08-25T21:56:31.0435451-03:00
AVrtNYITQa,NyCr23u1c3,4WUpFcuNpH,Ea38OCV3bG,file_13.csv,2024-08-25T21:56:31.0435451-03:00
YHNW7Rr35G,UkTh4RQrxI,SuAWmX9Ir4,OvKS21FJxZ,file_14.csv,2024-08-25T21:56:31.0435451-03:00
gfGDPQOJ7c,27dtVBWV2Y,Mn1KhQgPvp,jIX2sAClwU,file_15.csv,2024-08-25T21:56:31.0435451-03:00
QdgrTMORBG,9tY2615RdM,gVDkHqSqIE,cjNt5rc7nc,file_16.csv,2024-08-25T21:56:31.0435451-03:00
jHTH9qKrsn,puUwJvdC9k,PQ1BdTv0uB,YyuScTPiZT,file_17.csv,2024-08-25T21:56:31.0435451-03:00
QOstxdT7nL,TmbZrTgGcD,nplLSC0oHH,6roOgDHNzC,file_18.csv,2024-08-25T21:56:31.0435451-03:00
SdCG9PaOQY,FdLvpf1Y6z,bAddUJL7vu,dEZQD325Q4,file_19.csv,2024-08-25T21:56:31.0435451-03:00
wQ2ZoRQF0b,tV8UGBmJ87,bkRqpw9E83,JBSbnf5UtA,file_20.csv,2024-08-25T21:56:31.0435451-03:00
HsMClXsbg5,OGfyOiaMpV,LTJDtbFAfa,mAi3oSdAgx,file_0.csv,2024-08-25T21:56:31.0183816-03:00
apA5TsWDb9,JoFtFZvuJi,Hy3apOR1mm,i0AD428bCZ,file_21.csv,2024-08-25T21:56:31.0435451-03:00
Shi250lOY2,Ecx67oLgBN,2fVx9sZ1Cz,dyxPetZhTI,file_22.csv,2024-08-25T21:56:31.0435451-03:00
ztCRJrkFMR,WS95dpkS2c,uN178qpVTY,3WRPhN9DhG,file_24.csv,2024-08-25T21:56:31.0435451-03:00
M3IIrusNq4,wwjYvDic2j,p3Dv3MPCg5,oYvyB5CuIs,file_2.csv,2024-08-25T21:56:31.0183816-03:00
fiPn4fDBHr,8h6E7EqSXx,G2bep0zJMl,XXXELUtHhd,file_3.csv,2024-08-25T21:56:31.0183816-03:00
m6WOgU6e7D,Z2lfhoFm9z,HqaEQddC8U,YoERGVRmLj,file_25.csv,2024-08-25T21:56:31.0440536-03:00
f3BtVuYWdy,QRiIb7g5fb,xDxeLbpTMK,t3xMa1l0pz,file_4.csv,2024-08-25T21:56:31.0183816-03:00
zp3RKXr58v,88re3V4tS1,0qrFGhfPDH,0AAStALJgw,file_27.csv,2024-08-25T21:56:31.0440536-03:00
0QUm2ymGHP,t6ISYP9hV8,d6WJQygaDX,I9N9sTK7lB,file_30.csv,2024-08-25T21:56:31.0440536-03:00
gSunzbahMe,0HBSodL1Im,vh5IMOn6ei,Hb2ajiCBxX,file_29.csv,2024-08-25T21:56:31.0440536-03:00
kNUobwpsZP,hfPOegrVRa,yVgVUFL18R,a56bKFN5jo,file_23.csv,2024-08-25T21:56:31.0440536-03:00
NSo0XG5SnV,jONs4nzHma,61jmMZKwhn,D93z5r34N0,file_32.csv,2024-08-25T21:56:31.0440536-03:00
TyEJTO3w2E,48lufQDjxT,7ZLsimtrrM,t0PORuA5Zh,file_34.csv,2024-08-25T21:56:31.0440536-03:00
O7TBUgZWT7,g5Nz5lXrDb,2IjSzlnPDk,WMliu4mLLP,file_5.csv,2024-08-25T21:56:31.0183816-03:00
PsSXbShfdU,WWqvowzeHB,y6hfiB7WmB,myXia2d0pJ,file_31.csv,2024-08-25T21:56:31.0440536-03:00
PUmfV0WPGl,0qX4KcDGjL,8Co1RnZWI2,C9mvFkizGX,file_37.csv,2024-08-25T21:56:31.0440536-03:00
BriBVIDp4d,UGg541JKIk,uQ9BRp6ZIs,Urn3fJJfYl,file_38.csv,2024-08-25T21:56:31.0440536-03:00
9DfWb71Bb1,YzSN3Ac85u,9xqJY4tLtz,jSaY7j5zpU,file_39.csv,2024-08-25T21:56:31.0440536-03:00
yH4vGyaPn6,phw7Q56jgl,LNSsNN7VYR,4tJBSiyKda,file_26.csv,2024-08-25T21:56:31.0440536-03:00
JGvU30rLqM,3YkPWdzHjJ,tR68esqTS4,2tjUwU0Dmo,file_41.csv,2024-08-25T21:56:31.0440536-03:00
c84aBo160M,FwvIF3FTBZ,d8fxH3mOzL,liLJwFHgvC,file_40.csv,2024-08-25T21:56:31.0440536-03:00
nyNCm7ckzn,Yan2d4scNd,LH9giREXxg,i2yjAwV3zq,file_43.csv,2024-08-25T21:56:31.0440536-03:00
pWal0kI1XY,sLemUDgEAk,W0tN3gBCJa,6HGU9qUuLD,file_44.csv,2024-08-25T21:56:31.0440536-03:00
GU3nJhHRKa,7SnS5cdM2M,XznmDiQAw4,IlubY0Lh41,file_45.csv,2024-08-25T21:56:31.0440536-03:00
W4p6EqZnKX,Eb4Z6f3HCW,SWIlgMsHDh,q6OPTiBsmn,file_35.csv,2024-08-25T21:56:31.0440536-03:00
ZzdooPPiqX,0GHIzLRIZn,J6DkeJ24I3,2IUAavL3hJ,file_46.csv,2024-08-25T21:56:31.0440536-03:00
1OJDlvkxrB,Y1aHzDJ8B5,TkEj1hL13j,Qe4BG43s9B,file_48.csv,2024-08-25T21:56:31.0440536-03:00
xXgfuRmrOK,gBnuAqPaxf,oYM3mpGobb,TObk69bvBU,file_49.csv,2024-08-25T21:56:31.0440536-03:00
BUTPWYROq8,x6yBzJ8c3H,cynnO67avr,PHONUOZlSN,file_50.csv,2024-08-25T21:56:31.0440536-03:00
E0DFxP8rwq,puYvq38KZ0,EsWEgtQFlE,3300olyiBI,file_51.csv,2024-08-25T21:56:31.0440536-03:00
7LCjhIZAlz,UzJv0tflHy,jyHgVCQgpH,IHyk0gNhRK,file_42.csv,2024-08-25T21:56:31.0440536-03:00
9ti8375dMO,l6a6VVZr01,dM6JRZHNBz,VP00ryVONa,file_52.csv,2024-08-25T21:56:31.0440536-03:00
SquDKe8zBE,fcnpTZRLGS,pe2sUTUhrj,tvVFI14OBV,file_54.csv,2024-08-25T21:56:31.0440536-03:00
MsvTjyDYC0,BSe7PmYPN2,f4LCWdZftL,kR2zbqX0WL,file_55.csv,2024-08-25T21:56:31.0440536-03:00
lDrI6qCAQI,oh0qt2NdSk,PszT638cAJ,V0a2a2S6Op,file_56.csv,2024-08-25T21:56:31.0440536-03:00
vfiYiAAoiE,NEIPWeDXUB,csdkfFip3l,090coiiOyL,file_57.csv,2024-08-25T21:56:31.0440536-03:00
WhGDT2eekw,m9X1XIY11a,iMLjXEF8sZ,ANTLUv43iu,file_58.csv,2024-08-25T21:56:31.0440536-03:00
pyOxXcZcYC,uAydTdokL4,THskZrkbpk,33Xfn9sCvr,file_59.csv,2024-08-25T21:56:31.0440536-03:00
fckj6FFHOI,3Fdy4BSrwq,IUXXIWKrVQ,8lhiVcxn1q,file_53.csv,2024-08-25T21:56:31.0440536-03:00
t5h5QX185h,Cie2vP19nk,qSlE5hyGc1,V7s5j6HaVM,file_60.csv,2024-08-25T21:56:31.0440536-03:00
5Lk5HQptR3,2SEb2rdQQP,HKyWJtv6pE,HvUO3nYJcN,file_62.csv,2024-08-25T21:56:31.0440536-03:00
7w7lj5h3VK,jEL4MSv6gz,BVJc0P4Rpi,1xJfMpqZOP,file_63.csv,2024-08-25T21:56:31.0440536-03:00
dDlpQvS1cR,6NxjjnyhnO,XotlZvPYsx,i2bc2t5cIj,file_64.csv,2024-08-25T21:56:31.0440536-03:00
S60VfDccn0,UPGFVjeZdr,WG3f2WLIzY,9S5LeHHn1d,file_65.csv,2024-08-25T21:56:31.0440536-03:00
lkAcyHGU16,Cdk6HT9Nw9,4uT7NgX79Z,1gNFdmbAUC,file_61.csv,2024-08-25T21:56:31.0440536-03:00
18l84nEmkL,ZJmeYGCNMA,2nTQTpv7Dy,W9UbGszJRR,file_66.csv,2024-08-25T21:56:31.0440536-03:00
WitZoEzt6a,6eglVVhfdx,DYNJojWnGE,HDCSYjmxIh,file_68.csv,2024-08-25T21:56:31.0440536-03:00
tnQX58sfDk,TYtzToHzVR,W8a4dskJfE,hLnNPEGxhF,file_69.csv,2024-08-25T21:56:31.0440536-03:00
pjgdAB9xxO,7Iue0UQW2D,eOnAR23xKj,JjUsi6tDE2,file_70.csv,2024-08-25T21:56:31.0440536-03:00
haz0NbhlhJ,gNKXmXVdEa,WgHqgph40G,lXijY1N3hF,file_71.csv,2024-08-25T21:56:31.0440536-03:00
PMntmdOSk2,CjLqKm4Ywn,WnQC3ECFGs,X1y2otsNO9,file_72.csv,2024-08-25T21:56:31.0440536-03:00
aDt0ArJuLV,1s4w6eCdJ0,7aochUlvpx,S6nIQJN9eu,file_73.csv,2024-08-25T21:56:31.0440536-03:00
1ALkJLxDk0,AHyqYAaHJl,onHWNbLGxR,s9MSgIyHQQ,file_67.csv,2024-08-25T21:56:31.0440536-03:00
dWrx3G8imG,N4tpRK2zj6,4LZzdRtZXW,QHW1dz9qmC,file_75.csv,2024-08-25T21:56:31.0440536-03:00
bTtKAmMIIf,861KKMKn6N,aJWINAKL4Y,wz1ps9mvik,file_76.csv,2024-08-25T21:56:31.0440536-03:00
GMIV6xvLAH,eXJk6HZR82,bczgknCmqe,VMcGQtrCHF,file_77.csv,2024-08-25T21:56:31.0440536-03:00
t4s3d6pjZr,4K1MbM2aRC,kqeJOOfg5Q,tY8mF9kTBZ,file_74.csv,2024-08-25T21:56:31.0440536-03:00
Z1UVaMcVfE,wfIRpCNirG,cNcz1T6fUh,0gyuCWboxB,file_78.csv,2024-08-25T21:56:31.0440536-03:00
EaUnOpIY9p,oj3h8l3yWy,vfi8O5eWD0,NvsKGQ0fju,file_79.csv,2024-08-25T21:56:31.0440536-03:00
TXc8YWxKQW,WjX9TvRRJH,ILO0GpQcu7,4wJTnQMsNX,file_47.csv,2024-08-25T21:56:31.0440536-03:00
K4thEm5Cnj,TNylFBwTAS,5ETloxAt5W,z9Wx8JHVMY,file_80.csv,2024-08-25T21:56:31.0440536-03:00
xBKXKknULn,j8Wfoy6xUT,UPFRkQXcC8,oEmLZThdVR,file_82.csv,2024-08-25T21:56:31.0440536-03:00
U1hgjyOY3E,AZW8MN8mZA,ckWEfkj9Dn,N4kOByHL1V,file_84.csv,2024-08-25T21:56:31.0440536-03:00
hcgsws5y7B,u5PBeFGgYa,TWeJ7GDixo,4URpan6Bfx,file_85.csv,2024-08-25T21:56:31.0440536-03:00
XylmHCU7SX,W4nwEePc2g,uQpzrCL6Nq,tGlbNrhNvm,file_86.csv,2024-08-25T21:56:31.0440536-03:00
zJY6Yc7Ncp,u5yec6jR4z,Ky5Gy1Q1Tu,RfWiv8GCiW,file_83.csv,2024-08-25T21:56:31.0440536-03:00
HxiwpQNnDj,07Ez6zZ5hh,4QaYrzka9X,ancCglDzqw,file_87.csv,2024-08-25T21:56:31.0440536-03:00
KmNmGcQddx,WtoTYUQHC2,f9rtjHH8Oq,vskqNbjBgV,file_89.csv,2024-08-25T21:56:31.0440536-03:00
T0aGAYBQWV,KEGSEbNLT8,b07j7kpe0Y,sgxaI1XDXh,file_90.csv,2024-08-25T21:56:31.0440536-03:00
LnrYsoU6c5,CC7FsvJyR3,EHdXAzMULr,dIUSqLiSUW,file_91.csv,2024-08-25T21:56:31.0440536-03:00
cfVl7BGGRu,SMRDs456Ua,7tnd6t1Fnb,Vp4fO8T490,file_92.csv,2024-08-25T21:56:31.0440536-03:00
NGqRaottm0,ixDXxY68xy,LHYqczM7Q5,VqAQzpVwSK,file_93.csv,2024-08-25T21:56:31.0440536-03:00
6NKRS2STVN,RJ9iFNekUw,tuqms7l6Lu,LhO1MdXokn,file_94.csv,2024-08-25T21:56:31.0440536-03:00
JkfiBrf2lP,RH56sGN6fa,hy8MIbNyye,JVI3bH0Uye,file_95.csv,2024-08-25T21:56:31.0440536-03:00
o3NuY31V4D,HwggfSNmIq,MCd7AH2Mb2,yCZUCJx9BL,file_96.csv,2024-08-25T21:56:31.0440536-03:00
s2CqgQOMyC,rhKTaVn3wC,F620WBT889,9Vyb06ljTO,file_97.csv,2024-08-25T21:56:31.0440536-03:00
W0uqCrBW77,xuyEFSvIPk,7MIZaQXyru,KZtL23tZCg,file_98.csv,2024-08-25T21:56:31.0440536-03:00
ZOl4vLxLLR,6RDhajYwyR,1tI1gLi3Pl,eSvwNKDM6u,file_99.csv,2024-08-25T